	N_total	N_in	N_out	Ratio
0	100	79	21	0.79
1	200	156	44	0.78
2	150	118	32	0.7866666666666666
3	330	263	67	0.796969696969697
4	500	375	125	0.75
5	1000	801	199	0.801
6	50	38	12	0.76
